run_id,regime,system,crash_point,endpoint,response_class,readback_keying,execution_id,outcome_class,status,applied_effects,crashed,dispatch_attempts,step_latency_ms,recovery_latency_ms,undetected_duplicate,lost_effect,redis_kill_latency_ms,durability_ack_observed
aep_full-none-ledger_postings-8f8aef74-r0,redis-kill-inflight,AEP_FULL,none,ledger_postings,NO_READBACK,CALLER_REFERENCE,6b5172ea-018f-4208-99dd-58de2fc9668d,DECLARED_AMBIGUOUS,PERMANENTLY_AMBIGUOUS,1,0,0,,,0,0,370.151,1
aep_full-none-ledger_postings-8f8aef74-r1,redis-kill-inflight,AEP_FULL,none,ledger_postings,NO_READBACK,CALLER_REFERENCE,b25f7388-be07-48c6-a1be-9f45f2cdb63a,DECLARED_AMBIGUOUS,PERMANENTLY_AMBIGUOUS,1,0,0,,,0,0,357.564,1
aep_full-none-ledger_postings-8f8aef74-r10,redis-kill-inflight,AEP_FULL,none,ledger_postings,NO_READBACK,CALLER_REFERENCE,ce360cd0-7393-4bda-ad86-be12d9b93533,DECLARED_AMBIGUOUS,PERMANENTLY_AMBIGUOUS,1,0,0,,,0,0,402.338,1
aep_full-none-ledger_postings-8f8aef74-r11,redis-kill-inflight,AEP_FULL,none,ledger_postings,NO_READBACK,CALLER_REFERENCE,de5fce77-9b30-49bd-bf9b-e27e15cef7e0,DECLARED_AMBIGUOUS,PERMANENTLY_AMBIGUOUS,1,0,0,,,0,0,473.709,1
aep_full-none-ledger_postings-8f8aef74-r12,redis-kill-inflight,AEP_FULL,none,ledger_postings,NO_READBACK,CALLER_REFERENCE,03965d68-06de-4762-a953-cd93c9987f74,DECLARED_AMBIGUOUS,PERMANENTLY_AMBIGUOUS,1,0,0,,,0,0,431.371,1
aep_full-none-ledger_postings-8f8aef74-r13,redis-kill-inflight,AEP_FULL,none,ledger_postings,NO_READBACK,CALLER_REFERENCE,09e68238-317b-41e3-bbf5-4f5f689c9f94,DECLARED_AMBIGUOUS,PERMANENTLY_AMBIGUOUS,1,0,0,,,0,0,351.166,1
aep_full-none-ledger_postings-8f8aef74-r14,redis-kill-inflight,AEP_FULL,none,ledger_postings,NO_READBACK,CALLER_REFERENCE,c22457d1-2bbf-48a8-87cb-c0192724288e,DECLARED_AMBIGUOUS,PERMANENTLY_AMBIGUOUS,1,0,0,,,0,0,358.681,1
aep_full-none-ledger_postings-8f8aef74-r15,redis-kill-inflight,AEP_FULL,none,ledger_postings,NO_READBACK,CALLER_REFERENCE,5b4bb8b9-6568-4866-93bd-d2bf94de02d8,DECLARED_AMBIGUOUS,PERMANENTLY_AMBIGUOUS,0,0,0,,,0,0,301.96,1
aep_full-none-ledger_postings-8f8aef74-r16,redis-kill-inflight,AEP_FULL,none,ledger_postings,NO_READBACK,CALLER_REFERENCE,68026b6d-dd62-4b89-af74-dd5e72fab9b5,DECLARED_AMBIGUOUS,PERMANENTLY_AMBIGUOUS,1,0,0,,,0,0,339.897,1
aep_full-none-ledger_postings-8f8aef74-r17,redis-kill-inflight,AEP_FULL,none,ledger_postings,NO_READBACK,CALLER_REFERENCE,912a7324-fe1b-4246-8576-abe892236a80,DECLARED_AMBIGUOUS,PERMANENTLY_AMBIGUOUS,1,0,0,,,0,0,374.476,1
aep_full-none-ledger_postings-8f8aef74-r18,redis-kill-inflight,AEP_FULL,none,ledger_postings,NO_READBACK,CALLER_REFERENCE,3c1ba54a-c88d-449d-9dda-0d8748de1457,DECLARED_AMBIGUOUS,PERMANENTLY_AMBIGUOUS,1,0,0,,,0,0,342.786,1
aep_full-none-ledger_postings-8f8aef74-r19,redis-kill-inflight,AEP_FULL,none,ledger_postings,NO_READBACK,CALLER_REFERENCE,0d945209-1f47-4510-a6e3-a563a4ad5ce2,DECLARED_AMBIGUOUS,PERMANENTLY_AMBIGUOUS,1,0,0,,,0,0,371.348,1
aep_full-none-ledger_postings-8f8aef74-r2,redis-kill-inflight,AEP_FULL,none,ledger_postings,NO_READBACK,CALLER_REFERENCE,55c924cc-f63e-4f12-a569-2f96deea0de8,DECLARED_AMBIGUOUS,PERMANENTLY_AMBIGUOUS,1,0,0,,,0,0,346.375,1
aep_full-none-ledger_postings-8f8aef74-r20,redis-kill-inflight,AEP_FULL,none,ledger_postings,NO_READBACK,CALLER_REFERENCE,ab7c07a7-b8ed-4d56-85de-a9f3e24d5a95,DECLARED_AMBIGUOUS,PERMANENTLY_AMBIGUOUS,1,0,0,,,0,0,282.588,1
aep_full-none-ledger_postings-8f8aef74-r21,redis-kill-inflight,AEP_FULL,none,ledger_postings,NO_READBACK,CALLER_REFERENCE,4d047cde-f221-4862-b133-d7c64cc47799,DECLARED_AMBIGUOUS,PERMANENTLY_AMBIGUOUS,0,0,0,,,0,0,315.729,1
aep_full-none-ledger_postings-8f8aef74-r22,redis-kill-inflight,AEP_FULL,none,ledger_postings,NO_READBACK,CALLER_REFERENCE,9a8a0bef-7204-469b-afaa-03ad60b3dc01,DECLARED_AMBIGUOUS,PERMANENTLY_AMBIGUOUS,1,0,0,,,0,0,354.253,1
aep_full-none-ledger_postings-8f8aef74-r23,redis-kill-inflight,AEP_FULL,none,ledger_postings,NO_READBACK,CALLER_REFERENCE,1cf44d46-e20d-485d-8aa4-4b7d2bd87cbb,DECLARED_AMBIGUOUS,PERMANENTLY_AMBIGUOUS,1,0,0,,,0,0,311.616,1
aep_full-none-ledger_postings-8f8aef74-r24,redis-kill-inflight,AEP_FULL,none,ledger_postings,NO_READBACK,CALLER_REFERENCE,6cb01093-783c-42fb-a116-2dd2c7c2e441,DECLARED_AMBIGUOUS,PERMANENTLY_AMBIGUOUS,1,0,0,,,0,0,372.646,1
aep_full-none-ledger_postings-8f8aef74-r25,redis-kill-inflight,AEP_FULL,none,ledger_postings,NO_READBACK,CALLER_REFERENCE,ba6b546c-7203-4962-8188-bddf1b5ba01b,DECLARED_AMBIGUOUS,PERMANENTLY_AMBIGUOUS,1,0,0,,,0,0,347.542,1
aep_full-none-ledger_postings-8f8aef74-r26,redis-kill-inflight,AEP_FULL,none,ledger_postings,NO_READBACK,CALLER_REFERENCE,9fde7fb1-5103-403f-b44c-abf25302fc70,DECLARED_AMBIGUOUS,PERMANENTLY_AMBIGUOUS,1,0,0,,,0,0,435.475,1
aep_full-none-ledger_postings-8f8aef74-r27,redis-kill-inflight,AEP_FULL,none,ledger_postings,NO_READBACK,CALLER_REFERENCE,b474ed8a-4840-4775-8743-37324c2a67b7,DECLARED_AMBIGUOUS,PERMANENTLY_AMBIGUOUS,1,0,0,,,0,0,368.29,1
aep_full-none-ledger_postings-8f8aef74-r28,redis-kill-inflight,AEP_FULL,none,ledger_postings,NO_READBACK,CALLER_REFERENCE,a5a8969f-49f3-4a4a-b793-2b86a6914012,DECLARED_AMBIGUOUS,PERMANENTLY_AMBIGUOUS,1,0,0,,,0,0,435.749,1
aep_full-none-ledger_postings-8f8aef74-r29,redis-kill-inflight,AEP_FULL,none,ledger_postings,NO_READBACK,CALLER_REFERENCE,1e219f26-b99e-41a3-ad2a-95a9849d6488,DECLARED_AMBIGUOUS,PERMANENTLY_AMBIGUOUS,1,0,0,,,0,0,461.388,1
aep_full-none-ledger_postings-8f8aef74-r3,redis-kill-inflight,AEP_FULL,none,ledger_postings,NO_READBACK,CALLER_REFERENCE,1f9b14dd-7209-4aec-b05a-90068f7987ca,DECLARED_AMBIGUOUS,PERMANENTLY_AMBIGUOUS,1,0,0,,,0,0,281.144,1
aep_full-none-ledger_postings-8f8aef74-r4,redis-kill-inflight,AEP_FULL,none,ledger_postings,NO_READBACK,CALLER_REFERENCE,1dd24506-fcf8-43a4-9fe9-f8149a734fea,DECLARED_AMBIGUOUS,PERMANENTLY_AMBIGUOUS,1,0,0,,,0,0,359.791,1
aep_full-none-ledger_postings-8f8aef74-r5,redis-kill-inflight,AEP_FULL,none,ledger_postings,NO_READBACK,CALLER_REFERENCE,1e1ca5b9-2285-4e76-b576-efc01f1a5ce6,DECLARED_AMBIGUOUS,PERMANENTLY_AMBIGUOUS,1,0,0,,,0,0,308.917,1
aep_full-none-ledger_postings-8f8aef74-r6,redis-kill-inflight,AEP_FULL,none,ledger_postings,NO_READBACK,CALLER_REFERENCE,2be8dafa-7d0e-4715-bc49-e5a43d1fafb2,DECLARED_AMBIGUOUS,PERMANENTLY_AMBIGUOUS,1,0,0,,,0,0,324.718,1
aep_full-none-ledger_postings-8f8aef74-r7,redis-kill-inflight,AEP_FULL,none,ledger_postings,NO_READBACK,CALLER_REFERENCE,b052b58e-103c-4423-91c8-d85288781c3c,DECLARED_AMBIGUOUS,PERMANENTLY_AMBIGUOUS,1,0,0,,,0,0,386.303,1
aep_full-none-ledger_postings-8f8aef74-r8,redis-kill-inflight,AEP_FULL,none,ledger_postings,NO_READBACK,CALLER_REFERENCE,26a044e3-20e3-4035-a79e-290f3b44c787,DECLARED_AMBIGUOUS,PERMANENTLY_AMBIGUOUS,1,0,0,,,0,0,430.641,1
aep_full-none-ledger_postings-8f8aef74-r9,redis-kill-inflight,AEP_FULL,none,ledger_postings,NO_READBACK,CALLER_REFERENCE,76959745-d26e-46ce-8688-af0159a7fdb9,DECLARED_AMBIGUOUS,PERMANENTLY_AMBIGUOUS,1,0,0,,,0,0,373.611,1
aep_full-none-payments-77581e22-r0,redis-kill-inflight,AEP_FULL,none,payments,AUTHORITATIVE_READBACK,CALLER_REFERENCE,f94d973f-3dd1-4d89-bc83-df1b9405902c,CONFIRMED_APPLIED,FIRED_CONFIRMED,1,0,0,,,0,0,298.939,1
aep_full-none-payments-77581e22-r1,redis-kill-inflight,AEP_FULL,none,payments,AUTHORITATIVE_READBACK,CALLER_REFERENCE,04897210-15fc-46a8-9be5-ffb5f11ecf12,CONFIRMED_APPLIED,FIRED_CONFIRMED,1,0,0,,,0,0,331.798,1
aep_full-none-payments-77581e22-r10,redis-kill-inflight,AEP_FULL,none,payments,AUTHORITATIVE_READBACK,CALLER_REFERENCE,455b111b-f623-4dda-8800-3f07fcfc9e34,CONFIRMED_NOT_APPLIED,FAILED_CONFIRMED,0,0,0,,,0,0,383.61,1
aep_full-none-payments-77581e22-r11,redis-kill-inflight,AEP_FULL,none,payments,AUTHORITATIVE_READBACK,CALLER_REFERENCE,296352ca-acdb-4f61-8075-e9ab388d1d35,CONFIRMED_APPLIED,FIRED_CONFIRMED,1,0,0,,,0,0,392.422,1
aep_full-none-payments-77581e22-r12,redis-kill-inflight,AEP_FULL,none,payments,AUTHORITATIVE_READBACK,CALLER_REFERENCE,386bea9a-b5dd-4b57-9322-5001b08a4a46,CONFIRMED_APPLIED,FIRED_CONFIRMED,1,0,0,,,0,0,374.916,1
aep_full-none-payments-77581e22-r13,redis-kill-inflight,AEP_FULL,none,payments,AUTHORITATIVE_READBACK,CALLER_REFERENCE,9c443b3f-899f-4be1-bd4c-ab0c8264006d,CONFIRMED_APPLIED,FIRED_CONFIRMED,1,0,0,,,0,0,323.105,1
aep_full-none-payments-77581e22-r14,redis-kill-inflight,AEP_FULL,none,payments,AUTHORITATIVE_READBACK,CALLER_REFERENCE,cf51b6a0-14d6-4893-943c-fbab15170b21,CONFIRMED_APPLIED,FIRED_CONFIRMED,1,0,0,,,0,0,352.846,1
aep_full-none-payments-77581e22-r15,redis-kill-inflight,AEP_FULL,none,payments,AUTHORITATIVE_READBACK,CALLER_REFERENCE,1b77c677-a349-440c-a125-6c2d13d60f2c,CONFIRMED_APPLIED,FIRED_CONFIRMED,1,0,0,,,0,0,410.793,1
aep_full-none-payments-77581e22-r16,redis-kill-inflight,AEP_FULL,none,payments,AUTHORITATIVE_READBACK,CALLER_REFERENCE,b80260e6-b9fd-49ee-97fb-ae102eba8a82,CONFIRMED_APPLIED,FIRED_CONFIRMED,1,0,0,,,0,0,310.644,1
aep_full-none-payments-77581e22-r17,redis-kill-inflight,AEP_FULL,none,payments,AUTHORITATIVE_READBACK,CALLER_REFERENCE,398bca4d-ea15-4a3c-bff5-f4c92effa77d,CONFIRMED_APPLIED,FIRED_CONFIRMED,1,0,0,,,0,0,357.649,1
aep_full-none-payments-77581e22-r18,redis-kill-inflight,AEP_FULL,none,payments,AUTHORITATIVE_READBACK,CALLER_REFERENCE,a115fd36-0117-4d3e-880e-be4f4498d516,CONFIRMED_APPLIED,FIRED_CONFIRMED,1,0,0,,,0,0,367.416,1
aep_full-none-payments-77581e22-r19,redis-kill-inflight,AEP_FULL,none,payments,AUTHORITATIVE_READBACK,CALLER_REFERENCE,ef6b8ae8-4b42-4fe0-8a24-43647670d714,CONFIRMED_APPLIED,FIRED_CONFIRMED,1,0,0,,,0,0,282.211,1
aep_full-none-payments-77581e22-r2,redis-kill-inflight,AEP_FULL,none,payments,AUTHORITATIVE_READBACK,CALLER_REFERENCE,06542f2f-f4d7-442e-a6e3-a59540a8f2fd,CONFIRMED_APPLIED,FIRED_CONFIRMED,1,0,0,,,0,0,346.282,1
aep_full-none-payments-77581e22-r20,redis-kill-inflight,AEP_FULL,none,payments,AUTHORITATIVE_READBACK,CALLER_REFERENCE,df932e9e-07b3-477c-bfff-411fdc1f0f74,CONFIRMED_APPLIED,FIRED_CONFIRMED,1,0,0,,,0,0,481.604,1
aep_full-none-payments-77581e22-r21,redis-kill-inflight,AEP_FULL,none,payments,AUTHORITATIVE_READBACK,CALLER_REFERENCE,69ffbfcb-daf9-498f-b577-31993cb51f0d,CONFIRMED_APPLIED,FIRED_CONFIRMED,1,0,0,,,0,0,314.073,1
aep_full-none-payments-77581e22-r22,redis-kill-inflight,AEP_FULL,none,payments,AUTHORITATIVE_READBACK,CALLER_REFERENCE,dbe1b1fd-44e6-4b84-b264-39ed25550649,CONFIRMED_APPLIED,FIRED_CONFIRMED,1,0,0,,,0,0,394.617,1
aep_full-none-payments-77581e22-r23,redis-kill-inflight,AEP_FULL,none,payments,AUTHORITATIVE_READBACK,CALLER_REFERENCE,b03796ef-f329-4acf-ba2b-3d68074c3bef,CONFIRMED_APPLIED,FIRED_CONFIRMED,1,0,0,,,0,0,348.423,1
aep_full-none-payments-77581e22-r24,redis-kill-inflight,AEP_FULL,none,payments,AUTHORITATIVE_READBACK,CALLER_REFERENCE,a3692760-3df9-479e-9035-f6ee0d7be411,CONFIRMED_APPLIED,FIRED_CONFIRMED,1,0,0,,,0,0,375.791,1
aep_full-none-payments-77581e22-r25,redis-kill-inflight,AEP_FULL,none,payments,AUTHORITATIVE_READBACK,CALLER_REFERENCE,627f20dd-374d-423a-b7cd-ea0f9701003d,CONFIRMED_APPLIED,FIRED_CONFIRMED,1,0,0,,,0,0,414.404,1
aep_full-none-payments-77581e22-r26,redis-kill-inflight,AEP_FULL,none,payments,AUTHORITATIVE_READBACK,CALLER_REFERENCE,92de17c5-9c5d-4171-b51a-238c60e45d55,CONFIRMED_APPLIED,FIRED_CONFIRMED,1,0,0,,,0,0,418.563,1
aep_full-none-payments-77581e22-r27,redis-kill-inflight,AEP_FULL,none,payments,AUTHORITATIVE_READBACK,CALLER_REFERENCE,2ef8bda7-ffe9-4375-bd12-b8a632f69ae7,CONFIRMED_APPLIED,FIRED_CONFIRMED,1,0,0,,,0,0,901.267,1
aep_full-none-payments-77581e22-r28,redis-kill-inflight,AEP_FULL,none,payments,AUTHORITATIVE_READBACK,CALLER_REFERENCE,0d3b9508-9745-49a4-b582-4653e512ac09,CONFIRMED_APPLIED,FIRED_CONFIRMED,1,0,0,,,0,0,414.38,1
aep_full-none-payments-77581e22-r29,redis-kill-inflight,AEP_FULL,none,payments,AUTHORITATIVE_READBACK,CALLER_REFERENCE,51480a3e-79dd-4489-9501-b9e0b0a06ed7,CONFIRMED_APPLIED,FIRED_CONFIRMED,1,0,0,,,0,0,446.372,1
aep_full-none-payments-77581e22-r3,redis-kill-inflight,AEP_FULL,none,payments,AUTHORITATIVE_READBACK,CALLER_REFERENCE,edaa0fd3-f24b-4af3-ad71-bdb8bb1509c3,CONFIRMED_APPLIED,FIRED_CONFIRMED,1,0,0,,,0,0,334.668,1
aep_full-none-payments-77581e22-r4,redis-kill-inflight,AEP_FULL,none,payments,AUTHORITATIVE_READBACK,CALLER_REFERENCE,e310a99e-aada-4b30-8e03-138dce2f74c9,CONFIRMED_APPLIED,FIRED_CONFIRMED,1,0,0,,,0,0,373.818,1
aep_full-none-payments-77581e22-r5,redis-kill-inflight,AEP_FULL,none,payments,AUTHORITATIVE_READBACK,CALLER_REFERENCE,a3e2eb19-e0dc-40c8-aff1-ea03a8e6f0d5,CONFIRMED_APPLIED,FIRED_CONFIRMED,1,0,0,,,0,0,387.735,1
aep_full-none-payments-77581e22-r6,redis-kill-inflight,AEP_FULL,none,payments,AUTHORITATIVE_READBACK,CALLER_REFERENCE,9d793d0c-d960-42a4-8926-00085db6a5f2,CONFIRMED_APPLIED,FIRED_CONFIRMED,1,0,0,,,0,0,344.84,1
aep_full-none-payments-77581e22-r7,redis-kill-inflight,AEP_FULL,none,payments,AUTHORITATIVE_READBACK,CALLER_REFERENCE,c17eb818-ab27-44db-8ad7-46a9cfd4078f,CONFIRMED_APPLIED,FIRED_CONFIRMED,1,0,0,,,0,0,406.814,1
aep_full-none-payments-77581e22-r8,redis-kill-inflight,AEP_FULL,none,payments,AUTHORITATIVE_READBACK,CALLER_REFERENCE,88b3d97f-db5c-466f-b80f-c105538f099c,CONFIRMED_APPLIED,FIRED_CONFIRMED,1,0,0,,,0,0,432.837,1
aep_full-none-payments-77581e22-r9,redis-kill-inflight,AEP_FULL,none,payments,AUTHORITATIVE_READBACK,CALLER_REFERENCE,750ed326-490f-40e8-970c-bca741592222,CONFIRMED_APPLIED,FIRED_CONFIRMED,1,0,0,,,0,0,409.302,1
b3_intent_no_barrier-none-ledger_postings-772e83d4-r0,redis-kill-inflight,B3_INTENT_NO_BARRIER,none,ledger_postings,NO_READBACK,CALLER_REFERENCE,785e4568-cfe8-4649-8a7b-d4f4cde691cb,DECLARED_AMBIGUOUS,PERMANENTLY_AMBIGUOUS,1,0,0,,,0,0,298.861,1
b3_intent_no_barrier-none-ledger_postings-772e83d4-r1,redis-kill-inflight,B3_INTENT_NO_BARRIER,none,ledger_postings,NO_READBACK,CALLER_REFERENCE,5bf880ab-9734-473d-9d91-393aa46567d6,DECLARED_AMBIGUOUS,PERMANENTLY_AMBIGUOUS,1,0,0,,,0,0,339.54,1
b3_intent_no_barrier-none-ledger_postings-772e83d4-r10,redis-kill-inflight,B3_INTENT_NO_BARRIER,none,ledger_postings,NO_READBACK,CALLER_REFERENCE,df76889e-f9af-4406-88c3-ecefeb5f6825,DECLARED_AMBIGUOUS,PERMANENTLY_AMBIGUOUS,1,0,0,,,0,0,467.344,1
b3_intent_no_barrier-none-ledger_postings-772e83d4-r11,redis-kill-inflight,B3_INTENT_NO_BARRIER,none,ledger_postings,NO_READBACK,CALLER_REFERENCE,819f978b-9c13-4a44-8761-065ee31b0ffd,DECLARED_AMBIGUOUS,PERMANENTLY_AMBIGUOUS,1,0,0,,,0,0,558.737,1
b3_intent_no_barrier-none-ledger_postings-772e83d4-r12,redis-kill-inflight,B3_INTENT_NO_BARRIER,none,ledger_postings,NO_READBACK,CALLER_REFERENCE,dc8634ef-ac00-4893-ac4b-91068b58cad1,DECLARED_AMBIGUOUS,PERMANENTLY_AMBIGUOUS,1,0,0,,,0,0,365.248,1
b3_intent_no_barrier-none-ledger_postings-772e83d4-r13,redis-kill-inflight,B3_INTENT_NO_BARRIER,none,ledger_postings,NO_READBACK,CALLER_REFERENCE,a951caff-464b-4907-939d-cd299d7e21f3,DECLARED_AMBIGUOUS,PERMANENTLY_AMBIGUOUS,1,0,0,,,0,0,405.283,1
b3_intent_no_barrier-none-ledger_postings-772e83d4-r14,redis-kill-inflight,B3_INTENT_NO_BARRIER,none,ledger_postings,NO_READBACK,CALLER_REFERENCE,d3b4635f-13d5-413a-9603-2cbe9fccbdc8,DECLARED_AMBIGUOUS,PERMANENTLY_AMBIGUOUS,0,0,0,,,0,0,334.687,1
b3_intent_no_barrier-none-ledger_postings-772e83d4-r15,redis-kill-inflight,B3_INTENT_NO_BARRIER,none,ledger_postings,NO_READBACK,CALLER_REFERENCE,28b4055e-9290-446a-bd26-eee7cc8d1d8b,DECLARED_AMBIGUOUS,PERMANENTLY_AMBIGUOUS,1,0,0,,,0,0,285.931,1
b3_intent_no_barrier-none-ledger_postings-772e83d4-r16,redis-kill-inflight,B3_INTENT_NO_BARRIER,none,ledger_postings,NO_READBACK,CALLER_REFERENCE,422a5624-1316-4050-a3c9-644c47504f14,DECLARED_AMBIGUOUS,PERMANENTLY_AMBIGUOUS,1,0,0,,,0,0,323.721,1
b3_intent_no_barrier-none-ledger_postings-772e83d4-r17,redis-kill-inflight,B3_INTENT_NO_BARRIER,none,ledger_postings,NO_READBACK,CALLER_REFERENCE,cf4a3567-ab69-4db3-b459-34420a8d7546,DECLARED_AMBIGUOUS,PERMANENTLY_AMBIGUOUS,1,0,0,,,0,0,299.851,1
b3_intent_no_barrier-none-ledger_postings-772e83d4-r18,redis-kill-inflight,B3_INTENT_NO_BARRIER,none,ledger_postings,NO_READBACK,CALLER_REFERENCE,0f6e152a-d856-4b02-bac6-28df17d2793c,DECLARED_AMBIGUOUS,PERMANENTLY_AMBIGUOUS,1,0,0,,,0,0,347.85,1
b3_intent_no_barrier-none-ledger_postings-772e83d4-r19,redis-kill-inflight,B3_INTENT_NO_BARRIER,none,ledger_postings,NO_READBACK,CALLER_REFERENCE,197c0505-92f3-476d-ab11-8988d1367049,DECLARED_AMBIGUOUS,PERMANENTLY_AMBIGUOUS,1,0,0,,,0,0,380.46,1
b3_intent_no_barrier-none-ledger_postings-772e83d4-r2,redis-kill-inflight,B3_INTENT_NO_BARRIER,none,ledger_postings,NO_READBACK,CALLER_REFERENCE,2293e6b3-bf9d-4634-8ad7-51c784a70ce1,DECLARED_AMBIGUOUS,PERMANENTLY_AMBIGUOUS,1,0,0,,,0,0,409.505,1
b3_intent_no_barrier-none-ledger_postings-772e83d4-r20,redis-kill-inflight,B3_INTENT_NO_BARRIER,none,ledger_postings,NO_READBACK,CALLER_REFERENCE,fd7b2ccd-5e62-4c6c-9642-8bf5b635a0b8,DECLARED_AMBIGUOUS,PERMANENTLY_AMBIGUOUS,1,0,0,,,0,0,293.999,1
b3_intent_no_barrier-none-ledger_postings-772e83d4-r21,redis-kill-inflight,B3_INTENT_NO_BARRIER,none,ledger_postings,NO_READBACK,CALLER_REFERENCE,a507ec05-7dcc-4055-8d02-8d0fffef9dd6,DECLARED_AMBIGUOUS,PERMANENTLY_AMBIGUOUS,1,0,0,,,0,0,380.55,1
b3_intent_no_barrier-none-ledger_postings-772e83d4-r22,redis-kill-inflight,B3_INTENT_NO_BARRIER,none,ledger_postings,NO_READBACK,CALLER_REFERENCE,9a4b2617-5a1d-4577-9505-0352e25bde75,DECLARED_AMBIGUOUS,PERMANENTLY_AMBIGUOUS,1,0,0,,,0,0,429.118,1
b3_intent_no_barrier-none-ledger_postings-772e83d4-r23,redis-kill-inflight,B3_INTENT_NO_BARRIER,none,ledger_postings,NO_READBACK,CALLER_REFERENCE,b139e8e0-04fa-4f6d-b39a-3989c12950ac,DECLARED_AMBIGUOUS,PERMANENTLY_AMBIGUOUS,1,0,0,,,0,0,365.336,1
b3_intent_no_barrier-none-ledger_postings-772e83d4-r24,redis-kill-inflight,B3_INTENT_NO_BARRIER,none,ledger_postings,NO_READBACK,CALLER_REFERENCE,5d6d4d71-dddb-4df1-b868-b37f8379740f,DECLARED_AMBIGUOUS,PERMANENTLY_AMBIGUOUS,1,0,0,,,0,0,414.808,1
b3_intent_no_barrier-none-ledger_postings-772e83d4-r25,redis-kill-inflight,B3_INTENT_NO_BARRIER,none,ledger_postings,NO_READBACK,CALLER_REFERENCE,207abe3b-3d76-4f66-8308-04faf48cdc6a,DECLARED_AMBIGUOUS,PERMANENTLY_AMBIGUOUS,1,0,0,,,0,0,350.738,1
b3_intent_no_barrier-none-ledger_postings-772e83d4-r26,redis-kill-inflight,B3_INTENT_NO_BARRIER,none,ledger_postings,NO_READBACK,CALLER_REFERENCE,011d9932-a243-4e43-ae06-1d8974767ba1,DECLARED_AMBIGUOUS,PERMANENTLY_AMBIGUOUS,0,0,0,,,0,0,486.022,1
b3_intent_no_barrier-none-ledger_postings-772e83d4-r27,redis-kill-inflight,B3_INTENT_NO_BARRIER,none,ledger_postings,NO_READBACK,CALLER_REFERENCE,2e4c2cb8-2400-46db-9b42-6d2360da412d,DECLARED_AMBIGUOUS,PERMANENTLY_AMBIGUOUS,1,0,0,,,0,0,442.248,1
b3_intent_no_barrier-none-ledger_postings-772e83d4-r28,redis-kill-inflight,B3_INTENT_NO_BARRIER,none,ledger_postings,NO_READBACK,CALLER_REFERENCE,f3f556d4-0527-4f5e-a3f6-74b68c23a335,DECLARED_AMBIGUOUS,PERMANENTLY_AMBIGUOUS,1,0,0,,,0,0,456.57,1
b3_intent_no_barrier-none-ledger_postings-772e83d4-r29,redis-kill-inflight,B3_INTENT_NO_BARRIER,none,ledger_postings,NO_READBACK,CALLER_REFERENCE,2c2ddb82-2dad-4936-b4fe-3866875c0308,DECLARED_AMBIGUOUS,PERMANENTLY_AMBIGUOUS,1,0,0,,,0,0,375.064,1
b3_intent_no_barrier-none-ledger_postings-772e83d4-r3,redis-kill-inflight,B3_INTENT_NO_BARRIER,none,ledger_postings,NO_READBACK,CALLER_REFERENCE,8b85833c-b22d-4c36-83ee-f245d138fd04,DECLARED_AMBIGUOUS,PERMANENTLY_AMBIGUOUS,1,0,0,,,0,0,315.463,1
b3_intent_no_barrier-none-ledger_postings-772e83d4-r4,redis-kill-inflight,B3_INTENT_NO_BARRIER,none,ledger_postings,NO_READBACK,CALLER_REFERENCE,95e431ed-d704-410e-a74e-808726856770,DECLARED_AMBIGUOUS,PERMANENTLY_AMBIGUOUS,0,0,0,,,0,0,360.335,1
b3_intent_no_barrier-none-ledger_postings-772e83d4-r5,redis-kill-inflight,B3_INTENT_NO_BARRIER,none,ledger_postings,NO_READBACK,CALLER_REFERENCE,03795083-99d4-48e8-8821-ff3d7476414e,DECLARED_AMBIGUOUS,PERMANENTLY_AMBIGUOUS,1,0,0,,,0,0,339.686,1
b3_intent_no_barrier-none-ledger_postings-772e83d4-r6,redis-kill-inflight,B3_INTENT_NO_BARRIER,none,ledger_postings,NO_READBACK,CALLER_REFERENCE,b22ff407-4383-44a4-8fca-0e063b811e90,DECLARED_AMBIGUOUS,PERMANENTLY_AMBIGUOUS,1,0,0,,,0,0,349.284,1
b3_intent_no_barrier-none-ledger_postings-772e83d4-r7,redis-kill-inflight,B3_INTENT_NO_BARRIER,none,ledger_postings,NO_READBACK,CALLER_REFERENCE,9b749739-4e02-4241-8375-758311dae0ee,DECLARED_AMBIGUOUS,PERMANENTLY_AMBIGUOUS,1,0,0,,,0,0,403.866,1
b3_intent_no_barrier-none-ledger_postings-772e83d4-r8,redis-kill-inflight,B3_INTENT_NO_BARRIER,none,ledger_postings,NO_READBACK,CALLER_REFERENCE,06fa3b81-8889-4abe-a9c6-4ff2c4f34d0b,DECLARED_AMBIGUOUS,PERMANENTLY_AMBIGUOUS,1,0,0,,,0,0,950.995,1
b3_intent_no_barrier-none-ledger_postings-772e83d4-r9,redis-kill-inflight,B3_INTENT_NO_BARRIER,none,ledger_postings,NO_READBACK,CALLER_REFERENCE,35713282-9295-416f-9adc-22ed888c11b3,DECLARED_AMBIGUOUS,PERMANENTLY_AMBIGUOUS,1,0,0,,,0,0,419.41,1
b3_intent_no_barrier-none-payments-daa2c0b7-r0,redis-kill-inflight,B3_INTENT_NO_BARRIER,none,payments,AUTHORITATIVE_READBACK,CALLER_REFERENCE,2748c8b7-7e98-45f1-be60-1f408bbae769,CONFIRMED_APPLIED,FIRED_CONFIRMED,1,0,0,,,0,0,337.153,1
b3_intent_no_barrier-none-payments-daa2c0b7-r1,redis-kill-inflight,B3_INTENT_NO_BARRIER,none,payments,AUTHORITATIVE_READBACK,CALLER_REFERENCE,489c7a73-35c6-46cb-9550-bf66081f2be8,CONFIRMED_APPLIED,FIRED_CONFIRMED,1,0,0,,,0,0,315.859,1
b3_intent_no_barrier-none-payments-daa2c0b7-r10,redis-kill-inflight,B3_INTENT_NO_BARRIER,none,payments,AUTHORITATIVE_READBACK,CALLER_REFERENCE,a5d3a963-d4bd-4ae7-b628-6eb39464dce0,CONFIRMED_APPLIED,FIRED_CONFIRMED,1,0,0,,,0,0,612.351,1
b3_intent_no_barrier-none-payments-daa2c0b7-r11,redis-kill-inflight,B3_INTENT_NO_BARRIER,none,payments,AUTHORITATIVE_READBACK,CALLER_REFERENCE,f8f756fd-6d1a-44fb-b18e-3714e402f82e,CONFIRMED_APPLIED,FIRED_CONFIRMED,1,0,0,,,0,0,499.474,1
b3_intent_no_barrier-none-payments-daa2c0b7-r12,redis-kill-inflight,B3_INTENT_NO_BARRIER,none,payments,AUTHORITATIVE_READBACK,CALLER_REFERENCE,38fcb22d-caec-4f21-aa74-f3ddcd9c9f7d,CONFIRMED_APPLIED,FIRED_CONFIRMED,1,0,0,,,0,0,444.009,1
b3_intent_no_barrier-none-payments-daa2c0b7-r13,redis-kill-inflight,B3_INTENT_NO_BARRIER,none,payments,AUTHORITATIVE_READBACK,CALLER_REFERENCE,77a8f032-d7fb-4ad5-99d6-abd07cfca528,CONFIRMED_APPLIED,FIRED_CONFIRMED,1,0,0,,,0,0,392.713,1
b3_intent_no_barrier-none-payments-daa2c0b7-r14,redis-kill-inflight,B3_INTENT_NO_BARRIER,none,payments,AUTHORITATIVE_READBACK,CALLER_REFERENCE,ab0e96f5-e56c-45fa-aadf-c3dba63b20d2,CONFIRMED_APPLIED,FIRED_CONFIRMED,1,0,0,,,0,0,367.817,1
b3_intent_no_barrier-none-payments-daa2c0b7-r15,redis-kill-inflight,B3_INTENT_NO_BARRIER,none,payments,AUTHORITATIVE_READBACK,CALLER_REFERENCE,097859eb-fb06-455a-896b-7fb68105b231,CONFIRMED_APPLIED,FIRED_CONFIRMED,1,0,0,,,0,0,361.442,1
b3_intent_no_barrier-none-payments-daa2c0b7-r16,redis-kill-inflight,B3_INTENT_NO_BARRIER,none,payments,AUTHORITATIVE_READBACK,CALLER_REFERENCE,820b331b-8f98-4665-8f26-876be2ab7d97,CONFIRMED_APPLIED,FIRED_CONFIRMED,1,0,0,,,0,0,264.966,1
b3_intent_no_barrier-none-payments-daa2c0b7-r17,redis-kill-inflight,B3_INTENT_NO_BARRIER,none,payments,AUTHORITATIVE_READBACK,CALLER_REFERENCE,e265e6e1-6206-45e8-8028-2ed5a9f9be77,CONFIRMED_APPLIED,FIRED_CONFIRMED,1,0,0,,,0,0,337.717,1
b3_intent_no_barrier-none-payments-daa2c0b7-r18,redis-kill-inflight,B3_INTENT_NO_BARRIER,none,payments,AUTHORITATIVE_READBACK,CALLER_REFERENCE,ddb7ff9f-846d-443d-aaf2-a8c318340c46,CONFIRMED_APPLIED,FIRED_CONFIRMED,1,0,0,,,0,0,390.163,1
b3_intent_no_barrier-none-payments-daa2c0b7-r19,redis-kill-inflight,B3_INTENT_NO_BARRIER,none,payments,AUTHORITATIVE_READBACK,CALLER_REFERENCE,75fedbd1-b690-45ab-940d-b17db2bbeda9,CONFIRMED_APPLIED,FIRED_CONFIRMED,1,0,0,,,0,0,355.06,1
b3_intent_no_barrier-none-payments-daa2c0b7-r2,redis-kill-inflight,B3_INTENT_NO_BARRIER,none,payments,AUTHORITATIVE_READBACK,CALLER_REFERENCE,b47a3814-3a38-4468-a9cb-32f25f98be06,CONFIRMED_APPLIED,FIRED_CONFIRMED,1,0,0,,,0,0,410.386,1
b3_intent_no_barrier-none-payments-daa2c0b7-r20,redis-kill-inflight,B3_INTENT_NO_BARRIER,none,payments,AUTHORITATIVE_READBACK,CALLER_REFERENCE,7041be74-cf36-4263-87c8-243a5cb8933a,CONFIRMED_APPLIED,FIRED_CONFIRMED,1,0,0,,,0,0,350.547,1
b3_intent_no_barrier-none-payments-daa2c0b7-r21,redis-kill-inflight,B3_INTENT_NO_BARRIER,none,payments,AUTHORITATIVE_READBACK,CALLER_REFERENCE,711bf13e-8d8d-4e2f-854c-ce3e6d641d55,CONFIRMED_APPLIED,FIRED_CONFIRMED,1,0,0,,,0,0,368.588,1
b3_intent_no_barrier-none-payments-daa2c0b7-r22,redis-kill-inflight,B3_INTENT_NO_BARRIER,none,payments,AUTHORITATIVE_READBACK,CALLER_REFERENCE,0339ab69-0a0b-452e-9a6d-89fd8e4f82e8,CONFIRMED_APPLIED,FIRED_CONFIRMED,1,0,0,,,0,0,385.999,1
b3_intent_no_barrier-none-payments-daa2c0b7-r23,redis-kill-inflight,B3_INTENT_NO_BARRIER,none,payments,AUTHORITATIVE_READBACK,CALLER_REFERENCE,12fb4671-7c12-4af7-b97e-33753a4ddc95,CONFIRMED_APPLIED,FIRED_CONFIRMED,1,0,0,,,0,0,394.882,1
b3_intent_no_barrier-none-payments-daa2c0b7-r24,redis-kill-inflight,B3_INTENT_NO_BARRIER,none,payments,AUTHORITATIVE_READBACK,CALLER_REFERENCE,fc9fc35c-3427-458b-b826-f198ae9d2e52,CONFIRMED_APPLIED,FIRED_CONFIRMED,1,0,0,,,0,0,528.29,1
b3_intent_no_barrier-none-payments-daa2c0b7-r25,redis-kill-inflight,B3_INTENT_NO_BARRIER,none,payments,AUTHORITATIVE_READBACK,CALLER_REFERENCE,43d380d5-4720-4b03-bd40-de0bbd17a8ae,CONFIRMED_APPLIED,FIRED_CONFIRMED,1,0,0,,,0,0,376.118,1
b3_intent_no_barrier-none-payments-daa2c0b7-r26,redis-kill-inflight,B3_INTENT_NO_BARRIER,none,payments,AUTHORITATIVE_READBACK,CALLER_REFERENCE,51fd9e11-fe11-4ebd-b241-eb05da21e007,CONFIRMED_APPLIED,FIRED_CONFIRMED,1,0,0,,,0,0,434.821,1
b3_intent_no_barrier-none-payments-daa2c0b7-r27,redis-kill-inflight,B3_INTENT_NO_BARRIER,none,payments,AUTHORITATIVE_READBACK,CALLER_REFERENCE,ddafb7dc-2a89-4a2e-adfb-2104c59b4d6e,CONFIRMED_APPLIED,FIRED_CONFIRMED,1,0,0,,,0,0,471.651,1
b3_intent_no_barrier-none-payments-daa2c0b7-r28,redis-kill-inflight,B3_INTENT_NO_BARRIER,none,payments,AUTHORITATIVE_READBACK,CALLER_REFERENCE,cea97603-c426-496c-b494-911dbe690606,CONFIRMED_APPLIED,FIRED_CONFIRMED,1,0,0,,,0,0,385.531,1
b3_intent_no_barrier-none-payments-daa2c0b7-r29,redis-kill-inflight,B3_INTENT_NO_BARRIER,none,payments,AUTHORITATIVE_READBACK,CALLER_REFERENCE,5db10e70-a6e6-45c6-81bf-987884382166,CONFIRMED_APPLIED,FIRED_CONFIRMED,1,0,0,,,0,0,356.131,1
b3_intent_no_barrier-none-payments-daa2c0b7-r3,redis-kill-inflight,B3_INTENT_NO_BARRIER,none,payments,AUTHORITATIVE_READBACK,CALLER_REFERENCE,b6ad2ed9-ecd3-4ef8-81d9-97c44d1826b1,CONFIRMED_APPLIED,FIRED_CONFIRMED,1,0,0,,,0,0,285.921,1
b3_intent_no_barrier-none-payments-daa2c0b7-r4,redis-kill-inflight,B3_INTENT_NO_BARRIER,none,payments,AUTHORITATIVE_READBACK,CALLER_REFERENCE,b7ad25af-d173-463f-93a7-356cfd3a1dc8,CONFIRMED_APPLIED,FIRED_CONFIRMED,1,0,0,,,0,0,334.908,1
b3_intent_no_barrier-none-payments-daa2c0b7-r5,redis-kill-inflight,B3_INTENT_NO_BARRIER,none,payments,AUTHORITATIVE_READBACK,CALLER_REFERENCE,5a9e30af-bcc7-4051-abfa-a59e8f32c2e7,CONFIRMED_APPLIED,FIRED_CONFIRMED,1,0,0,,,0,0,350.069,1
b3_intent_no_barrier-none-payments-daa2c0b7-r6,redis-kill-inflight,B3_INTENT_NO_BARRIER,none,payments,AUTHORITATIVE_READBACK,CALLER_REFERENCE,058d6a94-64e9-4f96-8f36-0d1766702ebd,CONFIRMED_APPLIED,FIRED_CONFIRMED,1,0,0,,,0,0,405.05,1
b3_intent_no_barrier-none-payments-daa2c0b7-r7,redis-kill-inflight,B3_INTENT_NO_BARRIER,none,payments,AUTHORITATIVE_READBACK,CALLER_REFERENCE,4b6e3335-1d4a-4a74-a5e2-b49308fabf54,CONFIRMED_APPLIED,FIRED_CONFIRMED,1,0,0,,,0,0,402.858,1
b3_intent_no_barrier-none-payments-daa2c0b7-r8,redis-kill-inflight,B3_INTENT_NO_BARRIER,none,payments,AUTHORITATIVE_READBACK,CALLER_REFERENCE,c3657bdc-fbf0-4aa8-9a5c-3e64792a57bb,CONFIRMED_APPLIED,FIRED_CONFIRMED,1,0,0,,,0,0,355.92,1
b3_intent_no_barrier-none-payments-daa2c0b7-r9,redis-kill-inflight,B3_INTENT_NO_BARRIER,none,payments,AUTHORITATIVE_READBACK,CALLER_REFERENCE,0ca91ef7-e0c1-452e-b57e-3d04d4c8e47c,CONFIRMED_APPLIED,FIRED_CONFIRMED,1,0,0,,,0,0,397.507,1
